model	a	b	c	alpha_asymptotic	CI_low	CI_high	alpha_original
linear	-1.45514974026927	1.61043553377427	NA	0.155285793505002	-0.556811708840837	0.867383295850841	-0.680602887841758
